{"cameraMode":{"drawMode":0,"name":"Shaded","section":"Shading Mode"},"sceneLighting":false,"audioPlay":false,"sceneViewState":{"showFog":true,"showMaterialUpdate":false,"showSkybox":true,"showFlares":true,"showImageEffects":true,"showParticleSystems":true},"in2DMode":false,"pivot":{"x":-3.2782554626464846e-7,"y":1.060524582862854,"z":0.02739739418029785},"rotation":{"x":0.4518548846244812,"y":-0.01338064856827259,"z":0.006777912378311157,"w":0.891965389251709},"size":5.084043502807617,"orthographic":false}