{"cameraMode":{"drawMode":0,"name":"Shaded","section":"Shading Mode"},"sceneLighting":false,"audioPlay":false,"sceneViewState":{"showFog":true,"showMaterialUpdate":false,"showSkybox":true,"showFlares":true,"showImageEffects":true,"showParticleSystems":true},"in2DMode":false,"pivot":{"x":6.639999866485596,"y":0.550000011920929,"z":6.239999771118164},"rotation":{"x":-0.6067372560501099,"y":-0.00021452232613228261,"z":0.0001638517715036869,"w":-0.7949024438858032},"size":4.669820785522461,"orthographic":false}