{"cameraMode":{"drawMode":0,"name":"Shaded","section":"Shading Mode"},"sceneLighting":false,"audioPlay":false,"sceneViewState":{"showFog":true,"showMaterialUpdate":false,"showSkybox":true,"showFlares":true,"showImageEffects":true,"showParticleSystems":true},"in2DMode":false,"pivot":{"x":5.960464477539063e-8,"y":1.1107535362243653,"z":-5.960464477539063e-8},"rotation":{"x":-0.054918862879276279,"y":-0.9344288110733032,"z":0.1651579737663269,"w":-0.3107243776321411},"size":4.753689765930176,"orthographic":false}