{"cameraMode":{"drawMode":0,"name":"Shaded","section":"Shading Mode"},"sceneLighting":false,"audioPlay":false,"sceneViewState":{"showFog":true,"showMaterialUpdate":false,"showSkybox":true,"showFlares":true,"showImageEffects":true,"showParticleSystems":true},"in2DMode":false,"pivot":{"x":-1.717061996459961,"y":1.2913622856140137,"z":1.1551198959350587},"rotation":{"x":-0.021829329431056978,"y":-0.9774201512336731,"z":0.16670462489128114,"w":-0.12799599766731263},"size":4.574814319610596,"orthographic":false}