{"cameraMode":{"drawMode":0,"name":"Shaded","section":"Shading Mode"},"sceneLighting":false,"audioPlay":false,"sceneViewState":{"showFog":true,"showMaterialUpdate":false,"showSkybox":true,"showFlares":true,"showImageEffects":true,"showParticleSystems":true},"in2DMode":false,"pivot":{"x":0.13095307350158692,"y":1.3372735977172852,"z":-0.13584959506988526},"rotation":{"x":0.06226063519716263,"y":0.8384495973587036,"z":-0.09803953021764755,"w":0.5324605703353882},"size":4.0432024002075199,"orthographic":false}