{"cameraMode":{"drawMode":0,"name":"Shaded","section":"Shading Mode"},"sceneLighting":false,"audioPlay":false,"sceneViewState":{"showFog":true,"showMaterialUpdate":false,"showSkybox":true,"showFlares":true,"showImageEffects":true,"showParticleSystems":true},"in2DMode":false,"pivot":{"x":-0.30621349811553957,"y":2.1886298656463625,"z":0.4483027458190918},"rotation":{"x":-0.011563639156520367,"y":-0.985465943813324,"z":0.0749812126159668,"w":-0.15199026465415955},"size":5.045932769775391,"orthographic":false}